employment_status,credit_utilization_ratio,payment_history,loan_term,person_income,loan_amnt,loan_status,loan_percent_income,cb_person_default_on_file,cb_person_cred_hist_length,original_loan_amount
Employed,0.22,2685.0,48,59000,35000,1,0.59,Y,3,35000
Unemployed,0.2,2371.0,60,9600,1000,0,0.1,N,2,1000
Employed,0.22,2771.0,12,9600,5500,1,0.57,N,3,5500
Unemployed,0.12,1371.0,60,65500,35000,1,0.53,N,2,35000
Self-Employed,0.99,828.0,36,54400,35000,1,0.55,Y,4,35000
Unemployed,0.94,2342.0,24,9900,2500,1,0.25,N,2,2500
Unemployed,0.32,2800.0,36,77100,35000,1,0.45,N,3,35000
Employed,0.66,1428.0,24,78956,35000,1,0.44,N,4,35000
Unemployed,0.4,800.0,12,83000,35000,1,0.42,N,2,35000
Unemployed,0.06,1371.0,60,10000,1600,1,0.16,N,3,1600
Employed,0.29,571.0,36,85000,35000,1,0.41,N,4,35000
Unemployed,0.51,714.0,60,10000,4500,1,0.45,N,2,4500
Employed,0.93,1114.0,60,95000,35000,1,0.37,N,2,35000
Employed,0.66,2000.0,60,108160,35000,1,0.32,N,4,35000
Self-Employed,1.0,2371.0,48,115000,35000,0,0.3,N,4,35000
Unemployed,0.55,2142.0,12,500000,30000,0,0.06,N,3,30000
Self-Employed,0.67,771.0,60,120000,35000,0,0.29,N,4,35000
Employed,0.1,1571.0,12,92111,35000,1,0.32,N,4,35000
Unemployed,0.34,371.0,48,113000,35000,1,0.31,N,4,35000
Employed,0.44,2000.0,60,10800,1750,1,0.16,N,2,1750
Self-Employed,0.21,1457.0,48,162500,35000,0,0.22,N,4,35000
Employed,0.19,771.0,12,137000,34800,0,0.25,Y,2,34800
Unemployed,0.92,1914.0,12,65000,34000,1,0.52,N,4,34000
Self-Employed,0.12,2057.0,60,10980,1500,0,0.14,N,3,1500
Unemployed,0.72,857.0,36,80000,33950,1,0.42,Y,4,33950
Employed,0.54,1828.0,12,67746,33000,1,0.49,N,3,33000
Unemployed,0.98,2371.0,60,11000,4575,1,0.42,Y,3,4575
Employed,0.74,542.0,36,11000,1400,0,0.13,N,3,1400
Self-Employed,0.91,171.0,12,65000,32500,1,0.5,N,3,32500
Unemployed,0.71,2028.0,24,11389,4000,1,0.35,Y,2,4000
Employed,0.31,142.0,12,11520,2000,1,0.17,N,3,2000
Employed,0.88,85.0,48,120000,32000,0,0.27,N,2,32000
Self-Employed,0.87,1714.0,48,95000,31050,1,0.33,Y,3,31050
Self-Employed,0.33,228.0,48,306000,24250,0,0.08,N,3,24250
Employed,0.58,942.0,36,300000,7800,0,0.03,N,4,7800
Self-Employed,0.04,1571.0,60,12000,2500,1,0.21,N,4,2500
Employed,0.95,1200.0,12,48000,30000,1,0.63,N,2,30000
Self-Employed,0.4,1057.0,48,64000,30000,1,0.47,Y,3,30000
Self-Employed,0.29,1571.0,48,75000,30000,1,0.4,Y,4,30000
Unemployed,0.08,1857.0,24,71500,30000,1,0.42,N,4,30000
Employed,0.24,1714.0,60,62050,30000,1,0.41,N,2,30000
Employed,0.15,2514.0,24,12000,2500,1,0.21,N,3,2500
Employed,0.46,1685.0,48,300000,20000,0,0.07,N,4,20000
Employed,0.74,1714.0,36,300000,24250,0,0.08,Y,2,24250
Employed,0.71,857.0,60,300000,10000,0,0.03,N,4,10000
Unemployed,0.21,1514.0,48,300000,25000,0,0.08,N,3,25000
Unemployed,0.38,0.0,48,300000,18000,0,0.06,N,3,18000
Self-Employed,0.44,85.0,48,80690,30000,1,0.37,N,3,30000
Self-Employed,0.59,2400.0,24,66300,30000,1,0.38,N,3,30000
Employed,0.45,1228.0,48,89028,30000,1,0.34,N,3,30000
Self-Employed,0.22,228.0,24,78000,30000,1,0.38,Y,4,30000
Unemployed,0.11,771.0,24,78000,30000,1,0.38,Y,3,30000
Employed,0.58,1114.0,24,92004,30000,1,0.33,Y,3,30000
Unemployed,0.6,428.0,48,97000,30000,1,0.31,N,2,30000
Self-Employed,0.11,1314.0,60,120000,30000,0,0.25,N,4,30000
Unemployed,0.59,1171.0,48,280000,10000,0,0.04,Y,3,10000
Self-Employed,0.85,657.0,36,277104,20000,0,0.07,N,3,20000
Unemployed,0.95,285.0,24,277000,35000,0,0.13,N,4,35000
Employed,0.29,1457.0,36,128000,30000,0,0.23,N,4,30000
Self-Employed,0.7,971.0,24,12000,1750,0,0.15,Y,3,1750
Unemployed,0.48,2628.0,12,131000,30000,0,0.23,N,4,30000
Employed,0.71,457.0,60,275000,12000,0,0.04,N,2,12000
Unemployed,0.28,1742.0,12,263000,10000,1,0.04,N,4,10000
Employed,0.58,2485.0,60,221850,25000,1,0.1,N,2,25000
Unemployed,0.6,2257.0,48,70000,29100,1,0.42,N,3,29100
Unemployed,0.96,342.0,12,12000,1500,0,0.13,Y,3,1500
Self-Employed,0.45,2171.0,36,260000,28000,0,0.11,N,3,28000
Self-Employed,0.79,2285.0,60,259000,20000,0,0.08,Y,2,20000
Employed,0.17,1114.0,48,255000,9600,0,0.04,N,2,9600
Self-Employed,0.5,1800.0,48,250000,25000,0,0.1,N,4,25000
Employed,0.96,2085.0,36,12000,3000,1,0.25,N,3,3000
Self-Employed,0.18,2114.0,48,56950,28000,1,0.49,N,2,28000
Employed,0.33,2514.0,48,12000,3000,1,0.25,Y,3,3000
Self-Employed,0.12,2800.0,12,65000,28000,1,0.43,N,2,28000
Unemployed,0.36,2742.0,24,85000,28000,1,0.33,N,3,28000
Employed,0.03,2285.0,36,12000,6100,1,0.51,N,3,6100
Employed,0.46,428.0,36,88000,28000,1,0.32,N,3,28000
Employed,0.46,514.0,60,12000,4200,1,0.35,Y,4,4200
Unemployed,0.27,0.0,60,12000,4750,1,0.4,N,2,4750
Self-Employed,0.33,2771.0,36,83004,28000,1,0.34,Y,4,28000
Employed,0.32,1714.0,24,250000,18000,0,0.07,Y,3,18000
Employed,0.53,1657.0,24,250000,4800,0,0.02,N,3,4800
Unemployed,0.08,1200.0,48,100000,28000,0,0.28,N,3,28000
Employed,0.75,1571.0,36,110000,28000,0,0.25,N,2,28000
Self-Employed,0.43,885.0,24,12000,2700,1,0.23,N,4,2700
Self-Employed,0.91,514.0,48,108000,28000,1,0.26,N,4,28000
Employed,0.44,1257.0,48,151200,28000,0,0.19,N,2,28000
Self-Employed,0.11,1371.0,36,69000,27600,1,0.4,N,2,27600
Unemployed,0.75,1028.0,24,12000,3250,1,0.27,Y,3,3250
Unemployed,0.65,1114.0,24,70000,27500,1,0.39,Y,3,27500
Employed,0.79,1314.0,24,240000,25000,0,0.1,N,2,25000
Employed,0.14,800.0,48,73200,27050,1,0.37,Y,2,27050
Unemployed,0.75,942.0,36,83000,27000,1,0.33,Y,2,27000
Unemployed,0.22,228.0,12,73399,27000,1,0.37,N,3,27000
Employed,0.23,1942.0,60,62500,26000,1,0.42,N,2,26000
Self-Employed,0.62,1000.0,48,120000,25600,0,0.21,N,3,25600
Employed,0.4,685.0,24,12360,1600,0,0.13,N,3,1600
Employed,0.99,2857.0,60,60000,25475,1,0.42,N,3,25475
Unemployed,0.0,514.0,24,234000,20000,0,0.09,Y,4,20000
Employed,0.59,57.0,48,234000,20000,0,0.09,N,4,20000
Unemployed,0.59,1628.0,12,234000,21600,0,0.09,N,3,21600
Employed,1.0,1457.0,48,221004,11900,1,0.05,Y,3,11900
Self-Employed,0.62,2114.0,60,232500,25000,0,0.11,Y,2,25000
Unemployed,0.65,2800.0,24,230000,35000,0,0.15,N,4,35000
Self-Employed,0.43,2428.0,48,83000,25300,1,0.3,N,3,25300
Unemployed,0.74,457.0,60,12600,2000,1,0.16,N,4,2000
Unemployed,0.94,1542.0,36,12600,1750,0,0.14,N,3,1750
Employed,0.85,1257.0,36,42500,25000,1,0.59,Y,3,25000
Employed,0.18,2542.0,24,41000,25000,1,0.61,N,3,25000
Unemployed,0.63,85.0,48,12816,3000,1,0.23,Y,4,3000
Unemployed,0.6,171.0,12,12960,3650,1,0.28,N,3,3650
Self-Employed,0.61,1514.0,12,226000,20000,0,0.09,N,4,20000
Unemployed,0.67,142.0,12,225000,30000,0,0.13,Y,2,30000
Self-Employed,0.33,0.0,48,213000,35000,1,0.16,N,2,35000
Unemployed,0.04,57.0,60,225000,6000,0,0.03,N,4,6000
Self-Employed,0.02,1171.0,36,12960,4500,1,0.35,N,4,4500
Unemployed,0.08,1114.0,24,12996,2400,1,0.18,Y,2,2400
Self-Employed,0.35,2342.0,36,42000,25000,1,0.6,Y,2,25000
Employed,0.95,2285.0,60,48000,25000,1,0.52,N,4,25000
Employed,0.44,1714.0,60,12996,3600,1,0.28,N,3,3600
Self-Employed,0.04,1342.0,12,12996,4750,1,0.37,N,3,4750
Self-Employed,0.91,2085.0,60,42360,25000,1,0.59,Y,3,25000
Unemployed,0.65,142.0,60,49000,25000,1,0.51,N,2,25000
Self-Employed,0.41,1228.0,36,225000,25000,0,0.11,N,2,25000
Unemployed,0.85,2200.0,24,225000,3000,0,0.01,N,4,3000
Self-Employed,0.56,2342.0,60,225000,7500,0,0.03,N,2,7500
Employed,0.36,657.0,48,225000,25000,0,0.11,N,2,25000
Employed,0.51,1971.0,60,49464,25000,1,0.51,N,3,25000
Unemployed,0.77,600.0,24,50000,25000,1,0.5,N,3,25000
Self-Employed,0.97,2857.0,60,50000,25000,1,0.5,N,2,25000
Employed,0.82,2200.0,48,44000,25000,1,0.57,N,2,25000
Employed,0.27,1857.0,24,50000,25000,1,0.5,N,4,25000
Unemployed,0.37,1400.0,36,50004,25000,1,0.5,N,2,25000
Employed,0.29,1714.0,12,50004,25000,1,0.5,N,3,25000
Employed,0.78,857.0,48,52000,25000,1,0.48,N,4,25000
Unemployed,0.54,2285.0,24,13200,4950,1,0.38,N,4,4950
Employed,0.66,285.0,60,220000,25000,0,0.11,N,2,25000
Employed,0.64,1342.0,12,216000,21000,0,0.1,N,3,21000
Employed,0.04,1971.0,48,216000,25000,0,0.12,N,3,25000
Unemployed,0.78,1657.0,24,216000,20000,0,0.09,Y,2,20000
Self-Employed,0.04,2342.0,12,215000,35000,0,0.16,Y,3,35000
Self-Employed,0.74,1400.0,48,215000,12000,0,0.06,N,2,12000
Employed,0.43,657.0,12,52000,25000,1,0.48,N,2,25000
Employed,0.69,1257.0,36,46000,25000,1,0.54,N,4,25000
Self-Employed,0.51,2714.0,60,53000,25000,1,0.47,Y,4,25000
Unemployed,0.37,1400.0,48,47000,25000,1,0.53,Y,2,25000
Unemployed,0.37,1142.0,12,47000,25000,1,0.53,N,2,25000
Self-Employed,0.77,2571.0,36,13200,1400,0,0.11,N,4,1400
Self-Employed,0.17,2600.0,36,13200,4500,1,0.34,N,4,4500
Self-Employed,0.85,2600.0,12,210000,16000,0,0.08,N,4,16000
Unemployed,0.57,1685.0,12,210000,22000,0,0.1,N,4,22000
Self-Employed,0.82,257.0,48,48000,25000,1,0.52,N,2,25000
Employed,0.43,200.0,24,54996,25000,1,0.45,N,4,25000
Employed,0.25,2314.0,36,55000,25000,1,0.45,Y,4,25000
Employed,0.66,2628.0,60,55000,25000,1,0.45,N,3,25000
Unemployed,0.21,2085.0,60,55000,25000,1,0.45,Y,3,25000
Self-Employed,0.45,2514.0,48,55164,25000,1,0.45,Y,4,25000
Unemployed,0.99,1257.0,60,56000,25000,1,0.45,N,2,25000
Self-Employed,0.45,514.0,48,203500,20000,0,0.1,N,3,20000
Employed,0.76,1800.0,36,190000,22000,1,0.12,Y,3,22000
Employed,0.22,1285.0,60,13920,7750,1,0.56,N,4,7750
Employed,0.43,942.0,48,60000,25000,1,0.42,N,3,25000
Employed,0.39,1628.0,60,60000,25000,1,0.42,N,3,25000
Self-Employed,0.79,1228.0,24,54000,25000,1,0.46,Y,2,25000
Employed,0.71,1714.0,60,14000,4000,1,0.29,N,3,4000
Unemployed,0.74,1085.0,60,200000,12000,0,0.06,N,2,12000
Self-Employed,0.33,400.0,12,200000,12000,0,0.06,N,2,12000
Unemployed,0.48,1914.0,24,200000,16000,0,0.08,N,4,16000
Self-Employed,0.31,542.0,60,54000,25000,1,0.46,N,4,25000
Unemployed,0.33,2400.0,24,60000,25000,1,0.42,N,3,25000
Unemployed,0.48,885.0,36,60000,25000,1,0.42,N,4,25000
Self-Employed,0.56,2628.0,60,60000,25000,1,0.42,N,4,25000
Self-Employed,0.96,285.0,48,61959,25000,1,0.4,N,2,25000
Employed,0.11,2685.0,60,56400,25000,1,0.44,Y,3,25000
Self-Employed,0.72,342.0,24,200000,28000,0,0.14,N,2,28000
Self-Employed,0.32,2342.0,24,200000,25000,0,0.13,N,2,25000
Employed,1.0,1428.0,36,200000,24000,0,0.12,N,4,24000
Self-Employed,0.99,1971.0,24,200000,15000,0,0.07,N,3,15000
Employed,0.73,2342.0,36,200000,15500,0,0.08,N,2,15500
Self-Employed,0.52,314.0,24,200000,10000,0,0.05,N,4,10000
Employed,0.45,971.0,60,66000,25000,1,0.38,N,2,25000
Employed,0.67,1685.0,60,66000,25000,1,0.38,Y,3,25000
Self-Employed,0.61,800.0,60,200000,9000,0,0.04,N,4,9000
Employed,0.68,2171.0,36,200000,6000,0,0.03,N,2,6000
Unemployed,0.54,600.0,24,200000,18000,0,0.09,N,3,18000
Employed,0.45,1857.0,60,200000,12000,0,0.06,N,2,12000
Employed,0.75,2114.0,12,200000,23050,0,0.12,N,3,23050
Self-Employed,0.18,485.0,48,200000,20000,0,0.1,N,3,20000
Unemployed,0.86,428.0,24,60000,25000,1,0.42,Y,2,25000
Unemployed,0.72,1542.0,24,14400,3000,1,0.21,N,4,3000
Employed,0.81,1514.0,12,66996,25000,1,0.37,Y,2,25000
Employed,0.74,1457.0,12,67000,25000,1,0.37,N,4,25000
Unemployed,0.6,2457.0,24,67000,25000,1,0.37,N,3,25000
Employed,0.56,2142.0,12,68000,25000,1,0.37,Y,3,25000
Unemployed,0.42,542.0,60,69000,25000,1,0.36,N,2,25000
Self-Employed,0.91,2028.0,24,200000,12000,0,0.06,N,3,12000
Self-Employed,0.85,314.0,48,188000,20000,1,0.11,N,2,20000
Unemployed,0.72,2028.0,36,200000,3000,0,0.01,N,3,3000
Unemployed,1.0,1742.0,24,69996,25000,1,0.36,N,3,25000
Self-Employed,0.26,1857.0,48,14400,4000,1,0.28,N,3,4000
Unemployed,0.86,2685.0,60,70000,25000,1,0.36,N,4,25000
Self-Employed,0.23,2057.0,36,14400,6000,1,0.42,N,3,6000
Unemployed,0.79,600.0,60,56100,25000,1,0.38,N,4,25000
Employed,0.41,2285.0,12,66000,25000,1,0.38,Y,2,25000
Unemployed,0.49,0.0,12,66000,25000,1,0.38,N,4,25000
Employed,0.11,342.0,60,14400,5375,1,0.37,N,2,5375
Self-Employed,0.96,1657.0,24,72612,25000,1,0.34,N,2,25000
Self-Employed,0.38,1714.0,12,74000,25000,1,0.34,N,3,25000
Unemployed,0.92,828.0,12,75000,25000,1,0.33,N,2,25000
Employed,0.96,2142.0,36,192000,22000,0,0.11,Y,2,22000
Self-Employed,0.76,485.0,36,192000,20000,0,0.1,N,4,20000
Unemployed,0.77,2171.0,36,191000,10000,0,0.05,N,4,10000
Self-Employed,0.19,2114.0,36,190300,15000,0,0.08,N,3,15000
Self-Employed,0.71,2314.0,12,190000,10000,0,0.05,N,3,10000
Employed,0.13,657.0,60,75000,25000,1,0.33,N,4,25000
Unemployed,0.6,1171.0,48,71000,25000,1,0.35,Y,4,25000
Unemployed,0.38,485.0,24,190000,20000,0,0.11,N,4,20000
Self-Employed,0.78,1314.0,48,189996,24000,0,0.13,N,3,24000
Self-Employed,0.01,1428.0,36,78000,25000,1,0.32,Y,2,25000
Unemployed,0.95,714.0,48,78000,25000,1,0.32,N,3,25000
Self-Employed,0.38,2857.0,60,78504,25000,1,0.32,N,3,25000
Unemployed,0.46,2571.0,12,186000,10000,0,0.05,N,4,10000
Employed,0.25,542.0,60,185000,35000,0,0.19,N,2,35000
Self-Employed,0.7,1942.0,24,185000,15000,0,0.08,N,2,15000
Unemployed,0.98,2457.0,48,62050,25000,1,0.34,Y,2,25000
Self-Employed,0.37,1685.0,12,79416,25000,1,0.31,Y,2,25000
Unemployed,0.14,1114.0,60,14400,6250,1,0.43,N,2,6250
Self-Employed,0.07,142.0,12,79631,25000,1,0.31,Y,2,25000
Self-Employed,0.56,1685.0,24,79632,25000,1,0.31,N,4,25000
Self-Employed,0.59,1400.0,12,14400,1500,0,0.1,N,4,1500
Employed,0.46,942.0,36,80000,25000,1,0.31,N,2,25000
Self-Employed,0.35,1657.0,36,80000,25000,1,0.31,N,4,25000
Employed,0.31,657.0,48,185000,25000,0,0.14,N,2,25000
Self-Employed,0.64,2514.0,36,185000,5000,0,0.03,N,2,5000
Self-Employed,0.95,1771.0,60,184992,22000,0,0.12,Y,4,22000
Self-Employed,0.71,1600.0,12,184000,2500,0,0.01,N,2,2500
Employed,0.78,2057.0,60,172000,20000,1,0.12,Y,4,20000
Unemployed,0.44,771.0,24,183000,20000,0,0.11,N,3,20000
Self-Employed,0.87,428.0,60,183000,1000,0,0.01,N,2,1000
Employed,0.81,200.0,60,182952,15000,0,0.08,N,3,15000
Unemployed,0.99,2457.0,48,74004,25000,1,0.34,N,4,25000
Employed,0.15,1171.0,60,74004,25000,1,0.34,Y,4,25000
Employed,0.63,2800.0,36,81000,25000,1,0.31,N,3,25000
Unemployed,0.09,1657.0,48,81600,25000,1,0.31,N,3,25000
Self-Employed,0.34,2085.0,36,82000,25000,0,0.3,N,2,25000
Employed,0.12,571.0,48,83000,25000,0,0.3,N,3,25000
Employed,0.65,914.0,24,83000,25000,0,0.3,Y,3,25000
Self-Employed,0.66,2571.0,12,180000,18000,0,0.1,Y,4,18000
Unemployed,0.34,428.0,24,180000,28000,0,0.16,N,3,28000
Self-Employed,0.14,2828.0,60,14400,4000,1,0.28,N,2,4000
Unemployed,0.21,2714.0,48,14400,2100,0,0.15,N,4,2100
Self-Employed,0.96,1142.0,12,84500,25000,0,0.3,N,4,25000
Unemployed,0.88,742.0,48,85000,25000,0,0.29,N,4,25000
Employed,0.24,2314.0,12,180000,14000,0,0.08,N,2,14000
Self-Employed,0.55,628.0,12,180000,12000,0,0.07,N,4,12000
Unemployed,0.29,2600.0,48,142800,10000,1,0.06,N,4,10000
Self-Employed,0.08,742.0,60,14664,6000,1,0.41,N,4,6000
Unemployed,0.95,857.0,48,87000,25000,0,0.29,N,3,25000
Employed,0.01,485.0,36,75000,25000,1,0.33,Y,3,25000
Unemployed,0.78,971.0,48,76000,25000,1,0.33,N,4,25000
Self-Employed,0.46,1314.0,24,66215,25000,1,0.32,Y,2,25000
Employed,0.74,0.0,48,90000,25000,0,0.28,N,4,25000
Employed,0.32,1514.0,60,15000,6200,1,0.41,N,2,6200
Unemployed,0.98,1457.0,36,180000,25000,0,0.14,N,4,25000
Employed,0.29,2857.0,60,180000,21000,0,0.12,N,3,21000
Self-Employed,0.02,1971.0,12,180000,20000,0,0.11,Y,4,20000
Self-Employed,0.49,200.0,24,180000,10000,0,0.06,N,4,10000
Unemployed,0.1,485.0,12,180000,9950,0,0.06,N,2,9950
Self-Employed,0.93,1428.0,24,15000,4475,1,0.3,N,4,4475
Employed,0.45,1142.0,24,78000,25000,1,0.32,Y,3,25000
Employed,0.81,1085.0,36,66300,25000,1,0.32,Y,4,25000
Unemployed,0.05,1085.0,48,90000,25000,0,0.28,N,3,25000
Employed,0.8,485.0,24,79000,25000,1,0.32,Y,4,25000
Unemployed,0.59,257.0,48,91800,25000,0,0.27,Y,3,25000
Employed,0.17,2085.0,48,92000,25000,0,0.27,N,3,25000
Self-Employed,0.28,542.0,48,92000,25000,0,0.27,Y,4,25000
Self-Employed,0.14,714.0,60,93600,25000,0,0.27,N,4,25000
Self-Employed,0.91,1828.0,12,15000,1750,0,0.12,Y,3,1750
Self-Employed,0.53,2800.0,12,70550,25000,1,0.3,Y,4,25000
Employed,0.58,1400.0,60,83800,25000,1,0.3,Y,3,25000
Unemployed,0.7,2057.0,24,175000,2600,0,0.01,N,4,2600
Employed,0.06,2200.0,12,175000,8000,0,0.05,N,2,8000
Self-Employed,0.06,514.0,60,175000,18000,0,0.1,N,2,18000
Self-Employed,0.3,485.0,48,175000,21000,0,0.12,N,3,21000
Self-Employed,0.31,2514.0,12,15000,4000,1,0.27,N,4,4000
Unemployed,0.22,2057.0,12,15000,4600,1,0.31,N,2,4600
Unemployed,0.67,2657.0,24,88000,25000,1,0.28,Y,2,25000
Unemployed,0.0,1400.0,48,74800,25000,1,0.28,N,2,25000
Unemployed,0.65,2485.0,12,88000,25000,1,0.28,N,4,25000
Self-Employed,0.17,1371.0,12,15000,1750,0,0.12,Y,4,1750
Self-Employed,0.94,600.0,12,88000,25000,1,0.28,N,3,25000
Unemployed,0.28,857.0,60,100000,25000,0,0.25,N,4,25000
Employed,0.29,2400.0,12,15000,3600,1,0.24,N,4,3600
Employed,0.31,1428.0,36,102400,25000,0,0.24,N,3,25000
Self-Employed,0.37,1628.0,36,92000,25000,1,0.27,Y,4,25000
Employed,0.67,1971.0,48,93000,25000,1,0.27,Y,2,25000
Self-Employed,0.3,1428.0,60,175000,3500,0,0.02,Y,2,3500
Employed,0.95,600.0,48,175000,7200,0,0.04,N,3,7200
Unemployed,0.26,2657.0,48,174708,9000,0,0.05,N,3,9000
Employed,0.41,514.0,12,174000,8800,0,0.05,N,3,8800
Self-Employed,0.26,2371.0,12,174000,12000,0,0.07,N,4,12000
Employed,0.4,1200.0,36,162000,25000,1,0.15,Y,3,25000
Self-Employed,0.86,2485.0,48,173467,10000,0,0.06,N,4,10000
Employed,0.91,1485.0,12,15000,3175,1,0.21,Y,3,3175
Employed,0.78,1914.0,24,96000,25000,1,0.26,Y,4,25000
Unemployed,0.2,1342.0,12,15120,1500,0,0.1,N,2,1500
Employed,0.96,1714.0,24,97908,25000,1,0.26,Y,2,25000
Self-Employed,0.05,2085.0,24,110000,25000,0,0.23,Y,2,25000
Self-Employed,0.91,2342.0,60,15204,2800,1,0.18,N,3,2800
Self-Employed,0.46,771.0,60,159600,30000,1,0.19,Y,4,30000
Unemployed,0.65,2200.0,48,171500,18000,0,0.1,N,4,18000
Unemployed,0.71,2371.0,24,170004,10000,0,0.06,N,4,10000
Unemployed,0.03,1800.0,48,158004,25000,1,0.16,Y,2,25000
Unemployed,0.53,2857.0,24,170000,13000,0,0.08,N,3,13000
Employed,0.74,2628.0,36,83300,25000,1,0.26,N,2,25000
Self-Employed,0.79,1200.0,48,110000,25000,0,0.23,Y,2,25000
Unemployed,0.12,2485.0,12,15360,2500,1,0.16,N,3,2500
Employed,0.32,2600.0,24,134300,5000,1,0.03,N,2,5000
Employed,0.76,600.0,12,170000,20000,0,0.12,N,2,20000
Self-Employed,0.38,114.0,12,100580,25000,1,0.25,Y,2,25000
Unemployed,0.73,800.0,48,113000,25000,0,0.22,Y,4,25000
Self-Employed,0.95,1657.0,24,120000,25000,0,0.21,N,4,25000
Employed,0.23,2657.0,60,120000,25000,0,0.21,N,2,25000
Self-Employed,0.88,914.0,12,120000,25000,0,0.21,N,2,25000
Self-Employed,0.44,428.0,24,91800,25000,1,0.23,Y,2,25000
Unemployed,0.1,1885.0,12,15600,1000,0,0.06,N,4,1000
Employed,0.5,2200.0,24,108000,25000,1,0.23,N,3,25000
Unemployed,0.5,742.0,12,129996,25000,0,0.19,N,3,25000
Unemployed,0.08,2628.0,48,130000,25000,0,0.19,Y,2,25000
Employed,0.85,1314.0,12,130000,25000,0,0.19,N,4,25000
Self-Employed,0.96,971.0,24,170000,20000,0,0.12,N,4,20000
Unemployed,0.85,1514.0,12,170000,12000,0,0.07,Y,2,12000
Employed,0.61,2828.0,24,169000,14000,0,0.08,N,3,14000
Employed,0.26,1142.0,60,168750,24250,0,0.14,Y,3,24250
Self-Employed,0.66,885.0,48,168600,20000,0,0.12,N,3,20000
Unemployed,0.85,1800.0,36,168288,1800,0,0.01,N,3,1800
Unemployed,0.64,1457.0,60,168000,35000,0,0.21,N,2,35000
Self-Employed,0.75,57.0,60,133300,25000,0,0.19,N,2,25000
Unemployed,0.67,1228.0,48,15600,3300,1,0.21,N,4,3300
Unemployed,0.45,342.0,36,134000,25000,0,0.19,Y,3,25000
Self-Employed,0.14,2600.0,24,134000,25000,0,0.19,N,2,25000
Unemployed,0.34,2742.0,60,15600,3200,1,0.21,N,2,3200
Unemployed,0.74,2000.0,24,135000,25000,0,0.19,N,4,25000
Unemployed,0.6,1171.0,60,135660,25000,0,0.18,N,4,25000
Self-Employed,0.8,485.0,60,145000,25000,0,0.17,N,4,25000
Unemployed,0.71,2485.0,24,150000,25000,0,0.17,N,3,25000
Self-Employed,0.56,2114.0,60,165000,9600,0,0.06,N,3,9600
Employed,0.05,200.0,24,153000,24000,1,0.16,Y,2,24000
Employed,0.75,114.0,60,165000,20000,0,0.12,N,4,20000
Unemployed,0.66,1371.0,36,165000,25000,0,0.15,N,4,25000
Employed,0.91,2571.0,24,165000,20000,0,0.12,N,4,20000
Employed,0.96,2685.0,48,16000,6000,1,0.38,N,2,6000
Employed,0.33,2571.0,36,16000,2275,0,0.14,Y,4,2275
Employed,0.78,1142.0,60,16000,2000,0,0.13,N,3,2000
Employed,0.35,771.0,24,148000,25000,1,0.17,N,3,25000
Self-Employed,0.24,2342.0,36,16000,5600,1,0.35,N,4,5600
Employed,0.91,2800.0,48,16020,3625,1,0.23,Y,2,3625
Employed,0.17,2800.0,12,16094,5500,1,0.34,N,3,5500
Employed,0.21,2542.0,24,175000,25000,0,0.14,N,2,25000
Employed,0.05,914.0,24,16200,2000,0,0.12,N,3,2000
Self-Employed,0.32,1400.0,60,185000,25000,0,0.14,Y,2,25000
Self-Employed,0.93,371.0,36,162000,25000,0,0.15,N,2,25000
Unemployed,0.22,2714.0,24,161000,30000,0,0.19,N,4,30000
Employed,0.04,2085.0,12,160000,35000,0,0.22,N,4,35000
Employed,0.18,2228.0,60,225000,25000,0,0.11,N,4,25000
Self-Employed,0.1,2628.0,36,16400,5000,1,0.3,N,4,5000
Unemployed,0.07,685.0,60,16500,4375,1,0.27,N,4,4375
Self-Employed,0.96,600.0,24,49500,24750,1,0.5,N,3,24750
Employed,0.68,1200.0,36,60000,24750,1,0.41,N,3,24750
Self-Employed,0.86,485.0,12,84200,24500,0,0.29,N,4,24500
Unemployed,0.21,114.0,60,16800,2000,0,0.12,N,2,2000
Unemployed,0.73,1057.0,12,92000,24500,0,0.27,N,4,24500
Unemployed,0.68,2742.0,24,160000,35000,0,0.22,N,2,35000
Self-Employed,0.04,2771.0,36,160000,12000,0,0.07,N,4,12000
Self-Employed,0.47,1657.0,36,160000,12000,0,0.07,N,4,12000
Unemployed,0.54,628.0,12,160000,25000,0,0.16,Y,4,25000
Self-Employed,0.82,1257.0,12,125800,10000,1,0.07,N,4,10000
Unemployed,0.64,771.0,60,54000,24250,1,0.45,N,4,24250
Unemployed,0.11,2457.0,24,62500,24250,1,0.39,N,4,24250
Unemployed,0.59,485.0,24,16800,3900,1,0.23,N,3,3900
Unemployed,0.97,2314.0,24,68400,24250,1,0.35,N,4,24250
Self-Employed,0.6,2114.0,36,56045,24250,1,0.37,N,2,24250
Self-Employed,0.13,57.0,60,74000,24250,1,0.33,Y,2,24250
Unemployed,0.6,2857.0,12,65453,24250,1,0.31,N,2,24250
Unemployed,0.42,142.0,48,89908,24250,0,0.27,N,3,24250
Self-Employed,0.48,828.0,60,78000,24250,1,0.31,Y,3,24250
Unemployed,0.52,1885.0,36,100000,24250,0,0.24,Y,2,24250
Self-Employed,0.85,1542.0,48,103000,24250,0,0.24,N,2,24250
Unemployed,0.55,914.0,48,160000,9000,0,0.06,N,3,9000
Self-Employed,0.78,571.0,36,160000,15000,0,0.09,N,4,15000
Unemployed,0.01,314.0,48,160000,20000,0,0.13,N,3,20000
Unemployed,0.04,1400.0,60,160000,25000,0,0.16,Y,2,25000
Employed,0.85,1885.0,60,160000,13750,0,0.09,N,4,13750
Unemployed,0.04,857.0,36,160000,15250,0,0.1,Y,4,15250
Unemployed,0.02,2571.0,60,160000,20000,0,0.13,Y,2,20000
Self-Employed,0.93,2085.0,60,16800,4750,1,0.28,Y,2,4750
Unemployed,0.96,1942.0,48,111996,24250,0,0.22,N,3,24250
Unemployed,0.86,1742.0,24,16800,6000,1,0.36,N,4,6000
Unemployed,0.54,2542.0,48,115200,24250,0,0.21,N,2,24250
Self-Employed,0.31,771.0,24,144000,24250,0,0.17,N,3,24250
Self-Employed,0.21,714.0,12,287000,24250,0,0.08,N,3,24250
Unemployed,0.96,1742.0,60,108000,24150,1,0.22,Y,3,24150
Unemployed,0.13,1914.0,12,43000,24000,1,0.56,Y,3,24000
Unemployed,0.52,1142.0,48,47004,24000,1,0.51,N,4,24000
Employed,0.55,857.0,36,48000,24000,1,0.5,Y,2,24000
Unemployed,0.75,1314.0,60,48000,24000,1,0.5,N,3,24000
Employed,0.56,1371.0,24,44964,24000,1,0.53,Y,2,24000
Unemployed,0.52,2628.0,60,52000,24000,1,0.46,N,2,24000
Employed,0.22,914.0,36,17352,2250,0,0.13,Y,3,2250
Self-Employed,0.12,2457.0,60,47000,24000,1,0.51,N,2,24000
Unemployed,0.45,285.0,24,17400,1000,0,0.06,N,2,1000
Employed,0.08,1228.0,36,49000,24000,1,0.49,N,4,24000
Self-Employed,0.75,1885.0,12,60000,24000,1,0.4,N,4,24000
Employed,0.17,371.0,48,60000,24000,1,0.4,N,4,24000
Employed,0.26,542.0,24,60000,24000,1,0.4,N,3,24000
Employed,0.04,1285.0,60,60000,24000,1,0.4,N,2,24000
Unemployed,0.6,2285.0,60,62004,24000,1,0.39,N,3,24000
Self-Employed,0.37,942.0,60,62400,24000,1,0.38,N,2,24000
Unemployed,0.92,2742.0,48,65000,24000,1,0.37,N,2,24000
Employed,0.41,2028.0,48,17760,4975,1,0.28,Y,3,4975
Unemployed,0.76,2228.0,60,59000,24000,1,0.41,Y,2,24000
Self-Employed,0.11,1657.0,60,66000,24000,1,0.36,N,4,24000
Unemployed,0.02,371.0,48,60000,24000,1,0.4,N,4,24000
Self-Employed,0.22,1514.0,48,66143,24000,1,0.36,N,3,24000
Self-Employed,0.78,257.0,36,62250,24000,1,0.39,Y,4,24000
Employed,0.74,114.0,12,70000,24000,1,0.34,N,4,24000
Self-Employed,0.16,2657.0,36,74000,24000,1,0.32,N,2,24000
Unemployed,0.22,400.0,24,18000,3000,1,0.17,N,4,3000
Employed,0.58,2514.0,12,75000,24000,1,0.32,N,4,24000
Unemployed,0.06,1285.0,24,75000,24000,1,0.32,N,3,24000
Employed,0.69,1285.0,48,75000,24000,1,0.32,N,3,24000
Employed,0.57,1971.0,36,69000,24000,1,0.35,N,3,24000
Self-Employed,0.3,942.0,60,78000,24000,1,0.31,N,3,24000
Unemployed,0.24,2628.0,24,18000,2000,0,0.11,N,3,2000
Self-Employed,0.41,1171.0,12,80000,24000,0,0.3,N,2,24000
Self-Employed,0.19,114.0,60,18000,3500,1,0.19,N,4,3500
Employed,0.61,257.0,12,18000,4000,1,0.22,N,2,4000
Self-Employed,0.79,200.0,12,74700,24000,1,0.32,N,2,24000
Unemployed,0.39,685.0,24,88596,24000,0,0.27,N,3,24000
Unemployed,0.58,2457.0,24,95000,24000,0,0.25,N,2,24000
Unemployed,1.0,1600.0,36,83000,24000,1,0.29,N,3,24000
Unemployed,0.24,1971.0,36,95000,24000,0,0.25,N,4,24000
Self-Employed,0.6,1885.0,24,18000,4900,1,0.27,Y,4,4900
Employed,0.04,1285.0,60,18000,5000,1,0.28,N,2,5000
Unemployed,0.92,2657.0,24,100000,24000,0,0.24,N,4,24000
Employed,0.73,2085.0,36,110000,24000,0,0.22,N,4,24000
Unemployed,0.78,1371.0,36,18000,6250,1,0.35,N,4,6250
Employed,0.05,2657.0,60,98000,24000,1,0.24,Y,2,24000
Employed,0.13,285.0,60,103872,24000,1,0.23,N,4,24000
Unemployed,0.13,485.0,48,120000,24000,0,0.2,N,4,24000
Self-Employed,0.78,1171.0,48,120000,24000,0,0.2,N,4,24000
Unemployed,0.66,2800.0,60,108000,24000,1,0.22,N,3,24000
Employed,0.69,542.0,24,124080,24000,0,0.19,Y,4,24000
Self-Employed,0.45,57.0,24,18000,2500,1,0.14,N,2,2500
Unemployed,0.73,514.0,60,130000,24000,0,0.18,N,3,24000
Unemployed,0.62,171.0,36,135000,24000,0,0.18,N,2,24000
Unemployed,0.39,1371.0,48,135000,24000,0,0.18,N,2,24000
Unemployed,0.93,57.0,36,114750,24000,1,0.18,Y,3,24000
Unemployed,0.35,2285.0,60,150000,24000,0,0.16,N,4,24000
Unemployed,0.95,800.0,24,138000,24000,1,0.17,Y,2,24000
Unemployed,0.15,1114.0,24,18000,13000,1,0.72,N,3,13000
Unemployed,0.71,1914.0,24,18000,6250,1,0.35,N,4,6250
Employed,0.32,514.0,48,155000,24000,0,0.15,N,4,24000
Employed,0.13,85.0,60,148000,24000,1,0.16,N,2,24000
Self-Employed,0.08,2828.0,60,170000,24000,0,0.14,Y,2,24000
Self-Employed,0.47,571.0,12,18000,2500,0,0.14,N,3,2500
Employed,0.93,1600.0,48,43896,23975,1,0.55,N,2,23975
Unemployed,0.31,2228.0,12,120000,23750,0,0.2,N,2,23750
Unemployed,0.54,2685.0,12,54996,23600,1,0.43,N,3,23600
Self-Employed,0.17,1057.0,24,18000,10000,1,0.56,N,2,10000
Employed,0.78,2542.0,36,102000,23600,0,0.23,N,4,23600
Self-Employed,0.09,1171.0,48,75000,23575,1,0.31,N,4,23575
Self-Employed,0.55,142.0,24,18000,4000,1,0.22,N,2,4000
Self-Employed,0.73,1628.0,24,18000,5400,1,0.3,Y,2,5400
Self-Employed,0.86,1971.0,60,18000,4000,1,0.22,N,3,4000
Unemployed,0.6,885.0,60,18000,3375,1,0.19,N,2,3375
Employed,0.15,114.0,12,66960,23400,1,0.35,N,2,23400
Unemployed,0.66,2542.0,24,43385,23000,1,0.53,N,3,23000
Self-Employed,0.32,1371.0,12,56544,23000,1,0.41,N,2,23000
Self-Employed,0.53,1914.0,12,60000,23000,1,0.38,N,4,23000
Self-Employed,0.61,1142.0,60,18000,1200,0,0.07,Y,4,1200
Self-Employed,0.81,2228.0,12,63208,23000,1,0.36,N,3,23000
Unemployed,1.0,1485.0,24,65000,23000,1,0.35,N,4,23000
Self-Employed,0.3,2000.0,36,68000,23000,1,0.34,N,2,23000
Self-Employed,0.83,2457.0,24,18000,3000,1,0.17,N,3,3000
Self-Employed,0.78,1485.0,36,80000,23000,0,0.29,N,2,23000
Self-Employed,0.07,542.0,48,88000,23000,1,0.26,N,2,23000
Self-Employed,0.71,1142.0,48,58600,22750,1,0.39,N,4,22750
Employed,0.11,2857.0,48,70000,22500,1,0.32,N,2,22500
Self-Employed,0.73,1914.0,12,18287,3000,1,0.16,N,3,3000
Self-Employed,0.39,1885.0,12,69846,22500,1,0.32,Y,2,22500
Employed,0.52,2400.0,36,73000,22400,1,0.31,Y,4,22400
Self-Employed,0.53,2800.0,24,18500,5000,1,0.27,N,3,5000
Unemployed,0.32,514.0,12,35000,22250,1,0.64,N,3,22250
Employed,0.47,2457.0,12,43000,22000,1,0.51,N,2,22000
Self-Employed,0.33,714.0,48,52000,22000,1,0.42,N,2,22000
Self-Employed,0.68,2571.0,24,18701,4200,1,0.22,Y,4,4200
Unemployed,0.92,1200.0,12,57000,22000,1,0.39,N,3,22000
Self-Employed,0.77,2200.0,48,58000,22000,1,0.38,N,2,22000
Self-Employed,0.59,857.0,48,60000,22000,1,0.37,N,4,22000
Self-Employed,0.57,1228.0,12,60000,22000,1,0.37,Y,2,22000
Self-Employed,0.56,1600.0,12,18840,3000,1,0.16,N,2,3000
Unemployed,0.66,314.0,12,56000,22000,1,0.39,N,3,22000
Self-Employed,0.62,1628.0,36,70000,22000,1,0.31,N,4,22000
Employed,0.58,2228.0,36,66000,22000,1,0.33,N,2,22000
Employed,0.86,85.0,48,74064,22000,0,0.3,N,3,22000
Self-Employed,0.55,2400.0,60,76597,22000,0,0.29,N,2,22000
Employed,0.01,2342.0,48,19000,3625,1,0.19,N,3,3625
Self-Employed,0.89,2542.0,48,77000,22000,0,0.29,N,3,22000
Employed,0.19,2200.0,24,19000,6000,1,0.32,N,3,6000
Employed,0.98,2057.0,48,80000,22000,0,0.28,N,4,22000
Unemployed,0.89,314.0,12,82600,22000,0,0.27,N,2,22000
Self-Employed,0.54,28.0,48,19000,7400,1,0.39,N,2,7400
Self-Employed,0.17,2514.0,60,19000,4000,1,0.21,N,3,4000
Unemployed,0.05,1057.0,12,84000,22000,0,0.26,N,4,22000
Unemployed,0.28,914.0,60,77650,22000,1,0.28,N,3,22000
Self-Employed,0.78,857.0,12,82000,22000,1,0.27,N,2,22000
Self-Employed,0.24,1600.0,36,19012,3500,1,0.18,N,3,3500
Self-Employed,0.4,1085.0,48,99996,22000,0,0.22,N,4,22000
Self-Employed,0.38,1142.0,60,110000,22000,0,0.2,N,3,22000
Self-Employed,0.8,914.0,24,19200,4950,1,0.26,N,2,4950
Unemployed,0.69,657.0,12,57000,21700,1,0.38,N,2,21700
Unemployed,0.45,800.0,12,54000,21600,1,0.4,N,2,21600
Unemployed,0.96,314.0,60,56000,21600,1,0.39,Y,4,21600
Self-Employed,0.66,257.0,36,63000,21600,1,0.34,Y,3,21600
Self-Employed,0.33,200.0,12,82000,21600,0,0.26,Y,3,21600
Employed,0.14,2800.0,12,78000,21600,1,0.28,N,3,21600
Employed,0.57,914.0,24,19200,2400,0,0.13,N,3,2400
Self-Employed,0.15,1200.0,48,112140,21600,0,0.19,N,2,21600
Employed,0.38,2514.0,36,19200,7000,1,0.36,N,4,7000
Self-Employed,0.53,1228.0,36,19200,3000,1,0.16,N,4,3000
Self-Employed,0.7,371.0,48,59000,21500,1,0.36,N,3,21500
Unemployed,1.0,857.0,60,70000,21500,1,0.31,N,3,21500
Self-Employed,0.06,2857.0,60,116000,21500,0,0.19,Y,3,21500
Employed,0.04,514.0,60,60000,21450,1,0.36,N,4,21450
Unemployed,0.05,1114.0,60,31000,21250,1,0.69,N,3,21250
Employed,0.8,1542.0,60,47052,21250,1,0.45,N,2,21250
Self-Employed,0.06,1000.0,36,51060,21250,1,0.42,N,2,21250
Employed,0.1,2285.0,12,19200,5000,1,0.26,Y,2,5000
Unemployed,0.65,1028.0,24,53000,21250,1,0.4,N,3,21250
Employed,0.61,114.0,60,19200,9250,1,0.48,N,2,9250
Unemployed,0.24,428.0,60,56000,21250,1,0.38,Y,3,21250
Employed,0.11,542.0,12,65000,21250,1,0.33,Y,4,21250
Self-Employed,0.33,2771.0,12,35000,21000,1,0.6,N,4,21000
Employed,0.9,2628.0,24,19200,1400,1,0.07,Y,4,1400
Employed,0.1,2685.0,24,19200,3000,1,0.16,N,4,3000
Employed,0.22,2228.0,24,40000,21000,1,0.53,N,4,21000
Self-Employed,0.13,2514.0,12,19200,1000,0,0.05,N,3,1000
Self-Employed,0.6,2314.0,60,42000,21000,1,0.5,Y,4,21000
Self-Employed,0.28,2657.0,48,63000,21000,1,0.33,N,2,21000
Self-Employed,0.98,142.0,60,19200,4000,1,0.21,N,4,4000
Employed,0.08,2742.0,24,59000,21000,1,0.36,N,3,21000
Unemployed,0.3,2571.0,12,70500,21000,0,0.3,Y,4,21000
Unemployed,0.46,2314.0,36,65219,21000,1,0.32,N,3,21000
Unemployed,0.08,1200.0,36,75000,21000,0,0.28,N,3,21000
Self-Employed,0.37,2342.0,24,19200,5000,1,0.26,N,3,5000
Unemployed,0.94,2114.0,36,62047,21000,1,0.29,Y,4,21000
Self-Employed,0.35,1771.0,48,79000,21000,0,0.27,N,2,21000
Unemployed,0.95,228.0,48,80000,21000,0,0.26,N,3,21000
Employed,0.7,1800.0,12,84000,21000,0,0.25,N,4,21000
Self-Employed,0.44,2342.0,12,85000,21000,0,0.25,N,3,21000
Unemployed,0.65,1171.0,48,93000,21000,0,0.23,N,3,21000
Self-Employed,0.23,1342.0,36,81000,21000,1,0.26,Y,3,21000
Employed,0.97,2571.0,12,97000,21000,0,0.22,N,3,21000
Employed,0.21,2571.0,24,97000,21000,0,0.22,Y,3,21000
Employed,0.92,1457.0,36,100000,21000,1,0.21,Y,3,21000
Self-Employed,0.9,2742.0,48,19200,7500,1,0.39,Y,2,7500
Unemployed,0.55,1114.0,24,19253,6250,1,0.32,N,3,6250
Unemployed,0.53,2857.0,60,125000,21000,0,0.17,N,2,21000
Employed,0.49,2200.0,36,125000,21000,0,0.17,Y,3,21000
Self-Employed,0.01,1257.0,60,82000,20900,0,0.25,N,2,20900
Employed,0.81,1542.0,60,19500,15000,1,0.77,N,2,15000
Employed,0.93,2142.0,36,50000,20500,1,0.41,N,3,20500
Employed,0.19,1371.0,36,70000,20500,0,0.29,Y,3,20500
Employed,0.15,1085.0,36,19800,2100,0,0.11,N,4,2100
Self-Employed,0.49,228.0,60,80004,20400,0,0.25,N,3,20400
Self-Employed,0.51,2085.0,12,54000,20375,1,0.38,N,2,20375
Employed,0.27,1514.0,60,26000,20050,1,0.77,N,2,20050
Employed,0.6,600.0,36,33000,20000,1,0.61,N,3,20000
Employed,0.01,1885.0,48,20000,5000,0,0.25,N,4,5000
Employed,0.8,2028.0,60,20000,9250,0,0.46,N,4,9250
Employed,0.92,1742.0,24,35364,20000,1,0.57,N,4,20000
Employed,0.74,428.0,24,38000,20000,1,0.53,N,4,20000
Employed,0.42,2771.0,48,32000,20000,1,0.63,N,4,20000
Self-Employed,0.12,914.0,12,38004,20000,1,0.53,N,2,20000
Employed,0.67,85.0,36,20000,6400,0,0.32,N,4,6400
Unemployed,0.57,342.0,24,38556,20000,1,0.52,Y,4,20000
Employed,0.92,2571.0,24,32900,20000,1,0.61,N,2,20000
Self-Employed,0.21,828.0,36,34000,20000,1,0.59,N,4,20000
Unemployed,0.29,2628.0,12,40000,20000,1,0.5,N,3,20000
Employed,0.55,1057.0,48,36000,20000,1,0.56,Y,2,20000
Unemployed,0.11,1600.0,48,20000,4800,0,0.24,N,3,4800
Employed,0.36,714.0,48,42000,20000,1,0.48,N,4,20000
Unemployed,0.94,1285.0,60,42224,20000,1,0.47,N,4,20000
Self-Employed,0.5,2285.0,12,20000,5650,0,0.28,Y,2,5650
Unemployed,0.68,542.0,60,20000,3625,0,0.18,Y,3,3625
Self-Employed,0.5,1971.0,12,37212,20000,1,0.54,N,3,20000
Self-Employed,0.46,114.0,36,38000,20000,1,0.53,N,4,20000
Unemployed,0.39,2771.0,60,45000,20000,1,0.44,N,4,20000
Unemployed,0.06,942.0,36,45000,20000,1,0.44,N,2,20000
Employed,0.84,1257.0,36,45000,20000,1,0.44,N,2,20000
Self-Employed,0.06,885.0,60,20000,1200,0,0.06,N,3,1200
Employed,0.02,1171.0,48,45000,20000,1,0.44,Y,3,20000
Unemployed,0.02,1142.0,60,39000,20000,1,0.51,N,2,20000
Unemployed,0.81,2428.0,36,46500,20000,1,0.43,N,2,20000
Self-Employed,0.27,1085.0,60,48000,20000,1,0.42,N,3,20000
Self-Employed,0.07,1914.0,12,42000,20000,1,0.48,N,3,20000
Employed,0.41,914.0,60,48500,20000,1,0.41,N,4,20000
Employed,0.66,2714.0,60,20000,7500,0,0.38,N,4,7500
Self-Employed,0.46,857.0,48,49400,20000,1,0.4,N,4,20000
Self-Employed,0.65,914.0,12,20000,4000,0,0.2,N,2,4000
Self-Employed,0.56,1571.0,36,50000,20000,1,0.4,N,3,20000
Unemployed,0.85,2628.0,12,50000,20000,1,0.4,N,2,20000
Unemployed,0.66,314.0,60,50000,20000,1,0.4,N,2,20000
Employed,0.6,2800.0,48,20000,5000,0,0.25,N,3,5000
Employed,0.18,1000.0,60,44000,20000,1,0.45,N,4,20000
Self-Employed,0.55,1714.0,24,50866,20000,1,0.39,N,3,20000
Unemployed,0.97,2200.0,24,50950,20000,1,0.39,N,3,20000
Unemployed,0.12,857.0,48,51000,20000,1,0.39,N,3,20000
Employed,0.92,2285.0,36,51000,20000,1,0.39,N,3,20000
Employed,0.82,2542.0,48,51000,20000,1,0.39,N,2,20000
Employed,0.64,657.0,24,51500,20000,1,0.39,N,4,20000
Employed,0.52,2800.0,36,51996,20000,1,0.38,N,3,20000
Self-Employed,0.2,1514.0,48,52000,20000,1,0.38,N,4,20000
Employed,0.97,714.0,60,46000,20000,1,0.43,Y,4,20000
Employed,0.95,428.0,48,20000,1500,0,0.07,N,3,1500
Employed,0.95,2857.0,48,52000,20000,1,0.38,Y,2,20000
Self-Employed,0.18,514.0,24,46000,20000,1,0.43,Y,2,20000
Employed,0.01,485.0,48,52559,20000,1,0.38,N,3,20000
Unemployed,0.06,1200.0,60,47000,20000,1,0.43,N,3,20000
Unemployed,0.62,1085.0,60,54000,20000,1,0.37,N,4,20000
Self-Employed,0.88,457.0,48,48000,20000,1,0.42,N,4,20000
Self-Employed,0.87,1000.0,36,48000,20000,1,0.42,N,3,20000
Self-Employed,0.74,1771.0,48,54000,20000,1,0.37,N,4,20000
Employed,0.47,571.0,48,48912,20000,1,0.41,N,4,20000
Employed,0.85,514.0,36,54996,20000,1,0.36,N,4,20000
Unemployed,1.0,0.0,12,55000,20000,1,0.36,N,2,20000
Self-Employed,0.68,2485.0,12,55000,20000,1,0.36,N,3,20000
Self-Employed,0.63,971.0,12,49000,20000,1,0.41,N,3,20000
Employed,0.86,2342.0,12,55000,20000,1,0.36,N,4,20000
Employed,0.24,2800.0,24,20000,16600,0,0.83,N,3,16600
Employed,0.3,1571.0,12,55000,20000,1,0.36,N,2,20000
Self-Employed,0.27,2171.0,36,55200,20000,1,0.36,N,4,20000
Unemployed,0.34,1685.0,60,20004,7125,0,0.36,N,2,7125
Self-Employed,0.08,1742.0,36,57000,20000,1,0.35,N,2,20000
Unemployed,0.08,142.0,48,51012,20000,1,0.39,Y,4,20000
Unemployed,0.08,1828.0,48,20004,2500,0,0.12,Y,2,2500
Unemployed,0.3,2142.0,36,20004,3600,0,0.18,N,2,3600
Unemployed,0.11,1942.0,12,58000,20000,1,0.34,N,2,20000
Unemployed,0.97,2200.0,60,58800,20000,1,0.34,N,3,20000
Employed,0.14,685.0,24,59000,20000,1,0.34,N,3,20000
Self-Employed,0.84,1942.0,48,53000,20000,1,0.38,Y,4,20000
Employed,0.74,1600.0,48,60000,20000,1,0.33,N,2,20000
Employed,0.33,371.0,60,54000,20000,1,0.37,N,2,20000
Self-Employed,0.49,2142.0,12,20245,3550,0,0.18,N,4,3550
Self-Employed,0.89,1514.0,36,20280,7000,0,0.35,N,2,7000
Unemployed,0.19,1257.0,60,60000,20000,1,0.33,N,2,20000
Unemployed,0.71,1514.0,24,20352,7750,0,0.38,N,3,7750
Employed,0.17,571.0,48,54000,20000,1,0.37,N,3,20000
Employed,0.36,942.0,60,60000,20000,1,0.33,N,4,20000
Employed,0.56,1771.0,12,54000,20000,1,0.37,Y,3,20000
Self-Employed,0.8,2742.0,60,54000,20000,1,0.37,N,2,20000
Employed,0.91,571.0,48,60000,20000,1,0.33,N,3,20000
Employed,0.85,1600.0,48,60000,20000,1,0.33,N,2,20000
Self-Employed,0.72,1514.0,60,20400,6000,0,0.29,Y,4,6000
Self-Employed,0.95,1885.0,12,20400,5500,0,0.27,N,4,5500
Self-Employed,0.98,600.0,12,60000,20000,1,0.33,N,3,20000
Self-Employed,0.4,2485.0,36,54000,20000,1,0.37,Y,3,20000
Self-Employed,0.64,1971.0,48,54000,20000,1,0.37,Y,3,20000
Self-Employed,0.73,2685.0,36,60000,20000,1,0.33,N,2,20000
Unemployed,0.16,85.0,36,20400,1275,0,0.06,Y,3,1275
Self-Employed,0.26,1828.0,12,54000,20000,1,0.37,N,4,20000
Employed,0.81,2114.0,24,60000,20000,1,0.33,N,2,20000
Unemployed,0.74,371.0,36,20400,2400,0,0.12,N,4,2400
Employed,0.06,457.0,36,60000,20000,1,0.33,N,4,20000
Unemployed,0.42,1600.0,24,60000,20000,1,0.33,N,4,20000
Unemployed,0.21,1714.0,36,54504,20000,1,0.37,Y,4,20000
Unemployed,0.29,1885.0,36,55000,20000,1,0.36,N,2,20000
Unemployed,0.42,1114.0,48,61000,20000,1,0.33,N,4,20000
Self-Employed,0.48,1114.0,48,20400,3800,0,0.19,Y,3,3800
Self-Employed,0.67,542.0,60,62000,20000,1,0.32,N,3,20000
Unemployed,0.89,2685.0,12,56000,20000,1,0.36,Y,4,20000
Unemployed,0.56,685.0,12,56000,20000,1,0.36,Y,3,20000
Employed,0.66,1942.0,24,62400,20000,1,0.32,N,2,20000
Self-Employed,0.59,1771.0,48,62400,20000,1,0.32,N,2,20000
Employed,0.98,1971.0,36,63000,20000,1,0.32,N,3,20000
Employed,0.61,1171.0,36,58000,20000,1,0.34,N,2,20000
Self-Employed,0.38,428.0,60,65000,20000,1,0.31,N,3,20000
Employed,0.32,2000.0,48,20800,5000,0,0.24,Y,3,5000
Employed,0.76,2371.0,48,65000,20000,1,0.31,N,2,20000
Unemployed,0.99,2857.0,60,65000,20000,1,0.31,N,3,20000
Unemployed,0.97,0.0,36,20856,10000,0,0.48,N,4,10000
Employed,0.16,1942.0,48,20868,5375,0,0.26,Y,2,5375
Unemployed,0.5,1142.0,48,59000,20000,1,0.34,N,4,20000
Self-Employed,0.96,1200.0,12,59000,20000,1,0.34,N,4,20000
Self-Employed,0.56,2542.0,12,21000,3500,1,0.17,Y,2,3500
Self-Employed,0.97,1371.0,12,65004,20000,1,0.31,N,2,20000
Employed,0.74,2771.0,60,59004,20000,1,0.34,Y,2,20000
Self-Employed,0.04,1800.0,48,59004,20000,1,0.34,N,2,20000
Unemployed,0.74,2457.0,60,65500,20000,1,0.31,N,2,20000
Unemployed,0.73,1000.0,60,66996,20000,0,0.3,N,2,20000
Unemployed,0.67,2371.0,48,67000,20000,0,0.3,N,2,20000
Unemployed,0.76,2628.0,48,67000,20000,0,0.3,Y,2,20000
Self-Employed,0.08,2085.0,48,68000,20000,0,0.29,N,4,20000
Employed,0.63,342.0,12,68000,20000,0,0.29,Y,4,20000
Self-Employed,0.24,1228.0,24,62400,20000,1,0.32,N,4,20000
Unemployed,0.12,200.0,12,69500,20000,0,0.29,Y,2,20000
Employed,0.1,200.0,48,70000,20000,0,0.29,N,2,20000
Self-Employed,0.38,1542.0,12,70000,20000,0,0.29,N,4,20000
Employed,0.6,228.0,24,64000,20000,1,0.31,N,4,20000
Unemployed,0.62,657.0,12,71004,20000,0,0.28,N,2,20000
Self-Employed,0.58,1971.0,60,21000,3000,0,0.14,N,3,3000
Employed,0.24,2028.0,24,71004,20000,0,0.28,N,3,20000
Unemployed,0.69,1685.0,60,55392,20000,1,0.31,Y,4,20000
Employed,0.45,142.0,24,72000,20000,0,0.28,N,2,20000
Unemployed,0.77,1200.0,12,21000,6000,0,0.29,N,2,6000
Employed,0.29,685.0,12,66000,20000,1,0.3,N,3,20000
Unemployed,0.17,2000.0,24,66000,20000,1,0.3,N,2,20000
Self-Employed,0.94,1114.0,36,72000,20000,0,0.28,Y,3,20000
Employed,0.14,457.0,36,74000,20000,0,0.27,N,3,20000
Unemployed,0.29,542.0,36,21120,1625,1,0.08,Y,3,1625
Self-Employed,0.79,2228.0,60,75000,20000,0,0.27,N,4,20000
Unemployed,0.37,2514.0,60,21216,4500,1,0.21,Y,2,4500
Employed,0.45,857.0,48,21221,8500,0,0.4,N,4,8500
Employed,0.75,1057.0,60,75000,20000,0,0.27,N,3,20000
Self-Employed,0.43,1342.0,12,75000,20000,0,0.27,N,4,20000
Self-Employed,0.9,1057.0,12,75000,20000,0,0.27,N,3,20000
Employed,0.55,1200.0,36,75000,20000,0,0.27,N,3,20000
Employed,0.77,1028.0,60,69000,20000,1,0.29,N,4,20000
Employed,0.72,742.0,60,75000,20000,0,0.27,N,2,20000
Employed,0.43,2542.0,60,21600,7575,0,0.35,N,3,7575
Self-Employed,0.81,1285.0,48,21600,5200,0,0.24,N,3,5200
Unemployed,0.79,485.0,60,69000,20000,1,0.29,N,4,20000
Employed,0.53,685.0,48,75600,20000,0,0.26,Y,3,20000
Employed,0.83,2200.0,12,59497,20000,1,0.29,N,3,20000
Self-Employed,0.06,1885.0,48,76000,20000,0,0.26,N,3,20000
Self-Employed,0.74,1400.0,36,70000,20000,1,0.29,N,3,20000
Unemployed,0.2,2600.0,24,70000,20000,1,0.29,N,4,20000
Unemployed,0.88,1657.0,12,77004,20000,0,0.26,N,4,20000
Self-Employed,0.61,628.0,60,71004,20000,1,0.28,Y,2,20000
Unemployed,0.57,1428.0,24,21600,7125,0,0.33,N,3,7125
Unemployed,0.73,771.0,60,21600,4025,0,0.19,N,4,4025
Self-Employed,0.45,914.0,12,21600,8000,0,0.37,N,2,8000
Unemployed,0.4,685.0,12,78000,20000,0,0.26,Y,4,20000
Employed,0.08,2400.0,36,21600,4000,0,0.19,N,2,4000
Employed,0.53,1428.0,12,21600,4200,0,0.19,N,3,4200
Employed,0.71,2457.0,12,21600,1400,0,0.06,N,2,1400
Self-Employed,0.05,0.0,24,78000,20000,0,0.26,N,4,20000
Employed,0.99,1228.0,12,61200,20000,1,0.28,N,2,20000
Self-Employed,0.32,2285.0,48,21600,3800,0,0.18,N,2,3800
Self-Employed,0.17,1457.0,48,72000,20000,1,0.28,Y,4,20000
Employed,0.07,771.0,48,78000,20000,0,0.26,N,3,20000
Unemployed,0.32,2285.0,36,78500,20000,0,0.25,Y,4,20000
Self-Employed,0.51,2685.0,12,79000,20000,0,0.25,Y,4,20000
Unemployed,0.43,885.0,36,80000,20000,0,0.25,N,4,20000
Unemployed,0.04,2628.0,36,21600,6000,0,0.28,N,4,6000
Unemployed,0.81,2742.0,36,62900,20000,1,0.27,N,4,20000
Unemployed,0.7,800.0,24,80000,20000,0,0.25,N,4,20000
Employed,0.05,514.0,60,80000,20000,0,0.25,N,4,20000
Self-Employed,0.16,714.0,24,21600,2000,0,0.09,N,4,2000
Self-Employed,0.86,1742.0,24,80000,20000,0,0.25,Y,4,20000
Employed,0.76,1542.0,24,21600,8500,0,0.39,N,4,8500
Self-Employed,0.45,1371.0,24,62900,20000,1,0.27,N,3,20000
Employed,0.86,2657.0,48,21600,1000,0,0.05,N,3,1000
Unemployed,0.99,257.0,12,74004,20000,1,0.27,Y,4,20000
Unemployed,0.35,2571.0,48,80004,20000,0,0.25,Y,4,20000
Self-Employed,0.63,2457.0,48,80700,20000,0,0.25,N,2,20000
Employed,0.12,314.0,12,81000,20000,0,0.25,N,4,20000
Unemployed,0.3,1942.0,12,21600,2000,1,0.09,N,2,2000
Unemployed,0.21,2714.0,24,82000,20000,0,0.24,Y,2,20000
Unemployed,0.42,1028.0,24,76042,20000,1,0.26,Y,4,20000
Self-Employed,0.57,771.0,24,76654,20000,1,0.26,Y,4,20000
Unemployed,0.17,1057.0,12,83500,20000,0,0.24,N,3,20000
Unemployed,0.76,28.0,12,21600,3000,0,0.14,N,2,3000
Self-Employed,0.6,2771.0,36,84000,20000,0,0.24,N,4,20000
Self-Employed,0.82,1314.0,36,84000,20000,0,0.24,N,2,20000
Unemployed,0.84,485.0,36,21600,4400,0,0.2,N,2,4400
Unemployed,0.41,685.0,36,21600,10000,0,0.46,N,2,10000
Self-Employed,0.74,285.0,48,78996,20000,1,0.25,N,2,20000
Unemployed,0.14,1885.0,48,85000,20000,0,0.24,N,2,20000
Employed,0.48,1971.0,12,85000,20000,0,0.24,N,3,20000
Self-Employed,0.77,800.0,12,73000,20000,1,0.27,N,2,20000
Employed,0.93,2800.0,48,21816,1500,0,0.07,N,3,1500
Self-Employed,0.12,314.0,60,21840,9000,0,0.41,N,3,9000
Self-Employed,0.58,0.0,24,85000,20000,0,0.24,N,2,20000
Unemployed,0.66,2142.0,60,21948,4000,0,0.18,N,2,4000
Unemployed,0.46,2171.0,12,87000,20000,0,0.23,N,4,20000
Unemployed,0.83,1800.0,36,21996,6000,0,0.27,N,4,6000
Employed,0.86,2657.0,24,90000,20000,0,0.22,N,4,20000
Self-Employed,0.76,1428.0,36,78000,20000,1,0.26,Y,2,20000
Self-Employed,0.75,2114.0,24,90000,20000,0,0.22,N,3,20000
Employed,0.22,2714.0,60,90000,20000,0,0.22,N,4,20000
Employed,0.1,1714.0,60,90000,20000,0,0.22,N,3,20000
Employed,0.03,857.0,60,22000,7000,0,0.32,N,2,7000
Self-Employed,0.63,1600.0,12,90000,20000,0,0.22,N,4,20000
Self-Employed,0.69,342.0,48,91229,20000,0,0.22,N,3,20000
Unemployed,0.91,1942.0,12,22000,3825,0,0.17,N,4,3825
Employed,0.97,428.0,48,92000,20000,0,0.22,Y,2,20000
Unemployed,0.16,2028.0,12,22000,6500,0,0.3,N,4,6500
Employed,0.3,1885.0,60,22000,5875,1,0.27,N,2,5875
Unemployed,0.1,142.0,36,92407,20000,0,0.22,N,2,20000
Self-Employed,0.13,2257.0,36,22000,2400,0,0.11,N,3,2400
Self-Employed,0.68,2514.0,36,22000,8000,0,0.36,N,4,8000
Unemployed,0.66,1857.0,24,93492,20000,0,0.21,N,4,20000
Employed,0.27,1942.0,36,22000,1550,1,0.07,N,2,1550
Employed,0.27,342.0,12,94500,20000,0,0.21,N,2,20000
Employed,0.53,2542.0,60,83000,20000,1,0.24,N,2,20000
Self-Employed,0.81,2457.0,48,95000,20000,0,0.21,N,2,20000
Unemployed,0.13,1371.0,36,95000,20000,0,0.21,Y,3,20000
Employed,0.44,1285.0,48,22000,7350,0,0.33,N,2,7350
Self-Employed,0.41,1142.0,24,96000,20000,0,0.21,N,3,20000
Unemployed,0.93,28.0,24,22000,7200,0,0.33,N,2,7200
Unemployed,0.19,2714.0,36,85200,20000,1,0.23,Y,4,20000
Employed,0.67,2771.0,36,98000,20000,0,0.2,N,4,20000
Self-Employed,0.17,400.0,12,22000,3000,0,0.14,Y,2,3000
Employed,0.74,2057.0,60,99000,20000,0,0.2,N,4,20000
Employed,0.62,1200.0,36,22000,4000,0,0.18,N,4,4000
Self-Employed,0.49,285.0,48,22000,8500,0,0.39,N,4,8500
Employed,0.47,1342.0,24,99996,20000,0,0.2,Y,3,20000
Employed,0.14,2714.0,24,87996,20000,1,0.23,N,3,20000
Self-Employed,0.74,114.0,36,22000,7500,0,0.34,N,2,7500
Self-Employed,0.75,2828.0,48,100000,20000,0,0.2,N,2,20000
Self-Employed,0.5,2800.0,36,100000,20000,0,0.2,Y,2,20000
Self-Employed,0.49,2771.0,60,22000,7500,0,0.34,Y,3,7500
Unemployed,0.82,714.0,60,22080,6700,0,0.3,N,4,6700
Employed,0.4,1000.0,60,74800,20000,1,0.23,Y,4,20000
Unemployed,0.63,828.0,12,74800,20000,1,0.23,Y,2,20000
Self-Employed,0.36,1257.0,12,100000,20000,0,0.2,N,3,20000
Employed,0.29,1000.0,36,22260,6400,0,0.29,N,4,6400
Unemployed,0.01,2000.0,36,22296,5400,0,0.24,N,3,5400
Employed,0.58,314.0,60,104000,20000,0,0.19,N,2,20000
Employed,0.07,1971.0,48,93000,20000,1,0.22,N,3,20000
Self-Employed,0.55,914.0,48,95000,20000,1,0.21,Y,2,20000
Self-Employed,0.52,1828.0,24,108000,20000,0,0.19,N,4,20000
Unemployed,0.81,1800.0,24,96901,20000,1,0.21,N,3,20000
Employed,0.18,571.0,12,110000,20000,0,0.18,N,3,20000
Self-Employed,0.71,2000.0,60,110000,20000,0,0.18,N,3,20000
Self-Employed,0.87,171.0,12,110000,20000,0,0.18,N,3,20000
Unemployed,0.88,942.0,36,110000,20000,0,0.18,N,4,20000
Unemployed,0.97,628.0,60,110000,20000,0,0.18,N,2,20000
Unemployed,0.63,2000.0,36,22800,2000,0,0.09,N,3,2000
Employed,0.73,1571.0,12,22800,7125,1,0.31,N,3,7125
Unemployed,0.49,2657.0,24,22800,3000,1,0.13,N,2,3000
Employed,0.43,1657.0,24,85000,20000,1,0.2,N,2,20000
Employed,0.11,28.0,12,22800,4800,0,0.21,N,2,4800
Unemployed,0.74,1228.0,60,22800,8300,1,0.36,Y,2,8300
Employed,0.06,2514.0,12,120000,20000,0,0.17,N,4,20000
Employed,0.0,800.0,24,22800,4750,0,0.21,N,3,4750
Unemployed,0.88,400.0,24,121000,20000,0,0.17,N,3,20000
Employed,0.36,285.0,60,125000,20000,0,0.16,N,4,20000
Unemployed,0.82,1257.0,36,22800,3000,0,0.13,N,2,3000
Self-Employed,0.15,1628.0,48,130000,20000,0,0.15,N,2,20000
Employed,0.77,1285.0,48,130000,20000,0,0.15,Y,4,20000
Self-Employed,0.42,1800.0,60,22884,6000,0,0.26,N,2,6000
Unemployed,0.09,1314.0,12,133000,20000,0,0.15,Y,2,20000
Self-Employed,0.36,2828.0,60,23000,10625,0,0.46,N,4,10625
Employed,0.96,2571.0,48,23000,7000,0,0.3,N,3,7000
Self-Employed,0.84,571.0,12,140000,20000,0,0.14,N,4,20000
Self-Employed,0.74,2714.0,36,138000,20000,1,0.14,Y,3,20000
Employed,0.06,2342.0,12,23000,3600,1,0.16,Y,3,3600
Unemployed,0.5,2571.0,36,148000,20000,1,0.14,N,3,20000
Self-Employed,0.62,800.0,60,160000,20000,0,0.13,N,4,20000
Unemployed,0.64,1371.0,48,23000,4800,0,0.21,N,4,4800
Unemployed,0.78,1200.0,60,160000,20000,0,0.13,N,3,20000
Unemployed,0.2,114.0,60,168000,20000,0,0.12,N,4,20000
Self-Employed,0.09,1114.0,48,172500,20000,0,0.12,N,2,20000
Employed,0.7,342.0,60,23000,3000,0,0.13,N,3,3000
Self-Employed,0.59,114.0,48,175000,20000,0,0.11,Y,2,20000
Unemployed,0.16,1828.0,36,23000,4400,0,0.19,N,2,4400
Employed,0.89,2828.0,60,58000,19900,1,0.34,N,4,19900
Employed,0.77,1114.0,48,116000,19800,0,0.17,N,4,19800
Unemployed,0.36,314.0,48,19500,500,0,0.03,N,2,500
Employed,0.97,1771.0,48,23000,10000,1,0.43,Y,2,10000
Unemployed,0.84,1142.0,60,19000,700,0,0.04,N,2,700
Unemployed,0.79,2542.0,12,23000,7000,0,0.3,Y,3,7000
Self-Employed,0.87,2428.0,60,19000,750,0,0.04,Y,4,750
Self-Employed,0.77,714.0,36,10000,1000,1,0.1,N,2,1000
Self-Employed,0.04,542.0,36,10000,1000,1,0.1,N,4,1000
Self-Employed,0.98,771.0,48,10140,1000,1,0.1,N,4,1000
Employed,0.27,285.0,60,23000,2400,0,0.1,N,4,2400
Self-Employed,0.34,2742.0,48,23000,2400,0,0.1,N,4,2400
Self-Employed,0.91,2085.0,60,10500,1000,1,0.1,N,2,1000
Employed,0.15,1657.0,12,11220,1000,0,0.09,N,4,1000
Unemployed,0.45,2114.0,24,11760,1000,0,0.09,N,4,1000
Employed,0.35,685.0,36,11820,1000,0,0.08,N,3,1000
Unemployed,1.0,1485.0,60,12000,1000,0,0.08,N,2,1000
Self-Employed,0.37,2000.0,48,12000,1000,0,0.08,N,2,1000
Unemployed,0.62,342.0,12,12000,1000,1,0.08,N,3,1000
Unemployed,0.44,2114.0,24,12240,1000,1,0.08,Y,3,1000
Self-Employed,0.95,1257.0,48,13728,1000,1,0.07,N,4,1000
Self-Employed,0.84,1514.0,48,14400,1000,1,0.07,N,4,1000
Self-Employed,0.17,2085.0,48,23040,2000,0,0.09,N,3,2000
Employed,0.94,1400.0,60,23040,5000,0,0.22,N,3,5000
Unemployed,0.12,2085.0,24,14400,1000,1,0.07,Y,3,1000
Employed,0.63,2142.0,60,23040,15000,0,0.65,N,2,15000
Self-Employed,0.63,2828.0,24,15000,1000,1,0.07,Y,3,1000
Self-Employed,0.66,1000.0,60,16000,1000,1,0.06,Y,3,1000
Self-Employed,0.26,657.0,36,16800,1000,0,0.06,N,3,1000
Employed,0.49,2285.0,48,16800,1000,0,0.06,Y,4,1000
Employed,0.9,2400.0,36,19200,1000,0,0.05,N,4,1000
Employed,0.19,85.0,24,39600,19000,1,0.48,N,2,19000
Employed,0.22,2657.0,24,39900,19000,1,0.48,N,3,19000
Self-Employed,0.51,1457.0,36,47000,19000,1,0.4,N,2,19000
Unemployed,0.49,1628.0,60,50000,19000,1,0.38,N,4,19000
Self-Employed,0.9,228.0,60,52000,19000,1,0.37,N,4,19000
Self-Employed,0.03,657.0,36,23500,7000,0,0.3,N,3,7000
Self-Employed,0.12,1142.0,60,47500,19000,1,0.4,Y,4,19000
Unemployed,0.21,771.0,60,54000,19000,1,0.35,Y,4,19000
Self-Employed,0.81,714.0,48,54000,19000,1,0.35,N,4,19000
Employed,0.6,2142.0,36,54586,19000,1,0.35,N,2,19000
Employed,0.84,1457.0,12,62004,19000,1,0.31,N,2,19000
Self-Employed,0.72,1000.0,60,70000,19000,0,0.27,N,4,19000
Unemployed,0.98,1800.0,12,72000,19000,0,0.26,N,4,19000
Self-Employed,0.86,2628.0,24,73000,19000,0,0.26,N,3,19000
Self-Employed,0.88,142.0,12,78000,19000,0,0.24,N,2,19000
Employed,0.58,428.0,60,23920,6000,1,0.25,Y,2,6000
Unemployed,0.48,1771.0,48,23964,2500,0,0.1,N,2,2500
Self-Employed,0.56,885.0,48,96000,19000,0,0.2,Y,2,19000
Employed,0.49,1228.0,36,105000,19000,0,0.18,Y,2,19000
Employed,0.22,1314.0,60,175000,19000,0,0.11,N,3,19000
Employed,0.69,2085.0,12,50000,18950,1,0.38,N,3,18950
Self-Employed,0.03,2400.0,12,55000,18800,1,0.34,N,2,18800
Self-Employed,0.5,1857.0,36,70000,18750,0,0.27,N,2,18750
Employed,0.29,1457.0,48,36500,18725,1,0.51,N,3,18725
Employed,0.22,171.0,12,43000,18550,1,0.43,N,4,18550
Self-Employed,0.39,800.0,24,24000,7100,0,0.3,N,3,7100
Employed,0.19,2542.0,24,34300,18500,1,0.54,N,2,18500
Self-Employed,0.9,514.0,12,36000,18500,1,0.51,N,3,18500
Unemployed,0.35,1714.0,24,38000,18500,1,0.49,N,4,18500
Employed,0.53,600.0,36,55784,18500,1,0.33,N,3,18500
Self-Employed,0.36,28.0,60,74196,18500,0,0.25,N,3,18500
Employed,0.98,800.0,24,75000,18500,0,0.25,N,3,18500
Unemployed,0.09,1371.0,60,73000,18500,1,0.25,N,2,18500
Self-Employed,0.39,1514.0,60,24000,8000,0,0.33,N,2,8000
Unemployed,0.97,1257.0,48,24000,3000,0,0.13,N,4,3000
Unemployed,0.56,571.0,36,78000,18500,1,0.24,N,2,18500
Employed,0.49,0.0,12,145000,18500,0,0.13,Y,3,18500
Employed,0.71,514.0,12,24000,5000,0,0.21,N,2,5000
Unemployed,0.64,1542.0,36,48888,18400,1,0.38,N,2,18400
Unemployed,0.14,2800.0,60,50000,18400,1,0.37,N,2,18400
Unemployed,0.18,2857.0,48,120000,18400,0,0.15,N,2,18400
Self-Employed,0.47,1485.0,12,24000,5000,1,0.21,N,4,5000
Employed,0.62,2057.0,48,24000,6000,0,0.25,Y,3,6000
Employed,0.08,971.0,36,34000,18250,1,0.54,N,3,18250
Unemployed,0.58,1857.0,60,35004,18250,1,0.52,N,4,18250
Self-Employed,0.63,2628.0,24,34500,18250,1,0.53,N,3,18250
Unemployed,0.1,742.0,60,42504,18250,1,0.43,N,3,18250
Self-Employed,0.98,857.0,48,24000,1300,0,0.05,N,3,1300
Employed,0.14,2714.0,60,36996,18250,1,0.49,Y,2,18250
Unemployed,0.49,2428.0,12,45600,18250,1,0.4,N,4,18250
Self-Employed,0.12,1400.0,60,24000,5800,0,0.24,N,3,5800
Self-Employed,0.01,571.0,60,46000,18250,1,0.4,N,2,18250
Employed,0.66,1285.0,24,46000,18250,1,0.4,N,3,18250
Self-Employed,0.96,2200.0,60,55044,18250,1,0.33,N,2,18250
Unemployed,0.96,1257.0,12,49200,18250,1,0.37,N,3,18250
Self-Employed,0.93,1714.0,24,50000,18250,1,0.36,Y,3,18250
Unemployed,0.25,114.0,60,50000,18225,1,0.36,N,2,18225
Self-Employed,0.13,2314.0,36,44000,18225,1,0.41,N,4,18225
Unemployed,0.16,1914.0,12,36000,18200,1,0.51,N,4,18200
Unemployed,0.55,257.0,60,36400,18200,1,0.5,N,4,18200
Self-Employed,0.62,2028.0,48,36000,18200,1,0.51,N,3,18200
Employed,0.12,828.0,24,55000,18200,1,0.33,N,2,18200
Self-Employed,0.07,2085.0,60,27000,18000,1,0.67,Y,4,18000
Unemployed,0.47,942.0,36,24000,8000,0,0.33,N,2,8000
Unemployed,0.91,200.0,60,33000,18000,1,0.55,N,4,18000
Unemployed,0.74,285.0,36,36000,18000,1,0.5,N,3,18000
Unemployed,0.35,1742.0,12,30720,18000,1,0.59,Y,4,18000
Unemployed,0.48,1400.0,48,39996,18000,1,0.45,N,4,18000
Self-Employed,0.19,1571.0,60,40000,18000,1,0.45,Y,3,18000
Employed,0.08,457.0,36,24000,5000,0,0.21,N,4,5000
Unemployed,0.4,2400.0,60,42000,18000,1,0.43,N,2,18000
Unemployed,0.3,1314.0,24,24000,8000,0,0.33,N,4,8000
Self-Employed,0.71,2257.0,24,24000,2400,0,0.1,N,2,2400
Unemployed,0.82,514.0,48,42765,18000,1,0.42,Y,2,18000
Unemployed,0.38,285.0,48,43000,18000,1,0.42,N,2,18000
Employed,0.21,657.0,36,44000,18000,1,0.41,Y,4,18000
Self-Employed,0.81,2142.0,60,44000,18000,1,0.41,N,2,18000
Unemployed,0.93,1028.0,60,39000,18000,1,0.46,N,3,18000
Employed,0.91,1000.0,60,46800,18000,1,0.38,Y,2,18000
Self-Employed,0.27,914.0,60,48000,18000,1,0.38,N,2,18000
Employed,0.44,1685.0,60,42000,18000,1,0.43,Y,3,18000
Employed,0.44,942.0,24,24000,4200,0,0.17,N,3,4200
Employed,0.11,114.0,60,43400,18000,1,0.41,Y,2,18000
Self-Employed,0.02,1285.0,36,50000,18000,1,0.36,N,4,18000
Employed,0.2,2085.0,48,50000,18000,1,0.36,N,4,18000
Self-Employed,0.98,2371.0,36,24000,5000,1,0.21,Y,2,5000
Employed,0.91,85.0,60,24000,4200,0,0.17,N,4,4200
Unemployed,0.03,2628.0,12,50000,18000,1,0.36,N,3,18000
Unemployed,0.8,2200.0,36,50000,18000,1,0.36,N,2,18000
Employed,0.8,1314.0,12,24000,2500,0,0.1,N,2,2500
Self-Employed,0.56,257.0,48,52000,18000,1,0.35,N,4,18000
Self-Employed,0.67,2428.0,36,24000,6000,0,0.25,Y,4,6000
Unemployed,0.49,2800.0,12,52000,18000,1,0.35,N,4,18000
Unemployed,0.1,114.0,12,52000,18000,1,0.35,Y,4,18000
Employed,0.4,2028.0,36,52526,18000,1,0.34,N,2,18000
Employed,0.74,1285.0,48,46610,18000,1,0.39,N,3,18000
Unemployed,0.77,1857.0,60,48000,18000,1,0.38,N,2,18000
Self-Employed,0.18,2628.0,12,24000,8000,0,0.33,N,3,8000
Self-Employed,0.32,1142.0,24,55000,18000,1,0.33,N,2,18000
Self-Employed,0.17,1028.0,24,55344,18000,1,0.33,N,4,18000
